transaction_id;customer_id;transaction_amount;transaction_type;transaction_ts
20200728164116004192;100004;10.517585492619274;CREDIT;2020-07-28 16:41:16.081
20200728164116082114;100002;1951.010436176805;CREDIT;2020-07-28 16:41:16.082
20200728164116082105;100007;1714.5013876948917;CREDIT;2020-07-28 16:41:16.083
20200728164116083124;100004;2585.4400396567094;DEBIT;2020-07-28 16:41:16.083
20200728164116084125;100007;1316.1789721357668;CREDIT;2020-07-28 16:41:16.084
20200728164116084165;100005;2520.617279417586;CREDIT;2020-07-28 16:41:16.084
20200728164116085154;100008;3153.4923530207884;CREDIT;2020-07-28 16:41:16.085
20200728164116086126;100005;4775.69974664496;DEBIT;2020-07-28 16:41:16.086
20200728164116086104;100004;972.326905184318;CREDIT;2020-07-28 16:41:16.087
20200728164116087160;100010;2085.490971118822;CREDIT;2020-07-28 16:41:16.087
20200728164116087162;100002;171.86611044953435;CREDIT;2020-07-28 16:41:16.088
20200728164116088162;100002;4361.11613731979;DEBIT;2020-07-28 16:41:16.088
20200728164116088127;100005;1206.1619969142603;CREDIT;2020-07-28 16:41:16.089
20200728164116089100;100010;12.328436125610672;CREDIT;2020-07-28 16:41:16.089
20200728164116089178;100003;1458.1917636147075;CREDIT;2020-07-28 16:41:16.090
20200728164116090195;100009;783.2740242766932;DEBIT;2020-07-28 16:41:16.090
20200728164116091136;100009;1727.9457477272363;CREDIT;2020-07-28 16:41:16.091
20200728164116091179;100003;1204.68279730989;CREDIT;2020-07-28 16:41:16.091
20200728164116092130;100002;266.3423050819421;CREDIT;2020-07-28 16:41:16.093
20200728164116093161;100008;4571.297711335118;DEBIT;2020-07-28 16:41:16.093
20200728164116094166;100008;2865.567429784737;CREDIT;2020-07-28 16:41:16.094
20200728164116094170;100001;7056.047023700823;CREDIT;2020-07-28 16:41:16.095
20200728164116095121;100008;289.46602734236853;CREDIT;2020-07-28 16:41:16.095
20200728164116095124;100005;3917.2283837580303;DEBIT;2020-07-28 16:41:16.095
20200728164116096130;100009;5476.228467231989;CREDIT;2020-07-28 16:41:16.103
20200728164116104139;100007;324.1838439383885;CREDIT;2020-07-28 16:41:16.104
20200728164116104190;100004;4542.486939844071;CREDIT;2020-07-28 16:41:16.104
20200728164116104158;100001;3826.7348277765295;DEBIT;2020-07-28 16:41:16.105
20200728164116105167;100010;1152.6680306819642;CREDIT;2020-07-28 16:41:16.105
20200728164116105139;100004;4366.708337027981;CREDIT;2020-07-28 16:41:16.105
20200728164116106120;100001;5481.87447448533;CREDIT;2020-07-28 16:41:16.106
20200728164116106190;100004;4420.386186803725;DEBIT;2020-07-28 16:41:16.106
20200728164116107180;100004;5653.624054149589;CREDIT;2020-07-28 16:41:16.107
20200728164116107102;100007;1705.5015215190924;CREDIT;2020-07-28 16:41:16.108
20200728164116108156;100001;6744.5368093309335;CREDIT;2020-07-28 16:41:16.108
20200728164116108176;100008;1460.2913302388704;DEBIT;2020-07-28 16:41:16.108
20200728164116109154;100007;30.319816854310176;CREDIT;2020-07-28 16:41:16.110
20200728164116110181;100001;1314.2064248830814;CREDIT;2020-07-28 16:41:16.110
20200728164116111160;100002;2252.475474036826;CREDIT;2020-07-28 16:41:16.111
20200728164116111149;100008;4511.781325151831;DEBIT;2020-07-28 16:41:16.112
20200728164116112190;100004;510.0556665716025;CREDIT;2020-07-28 16:41:16.112
20200728164116112168;100001;180.18661464806473;CREDIT;2020-07-28 16:41:16.113
20200728164116113102;100006;1159.1215019243377;CREDIT;2020-07-28 16:41:16.113
20200728164116114135;100007;1761.3211606057012;DEBIT;2020-07-28 16:41:16.114
20200728164116114156;100009;2855.890592818861;CREDIT;2020-07-28 16:41:16.114
20200728164116115190;100001;1898.3758689130702;CREDIT;2020-07-28 16:41:16.115
20200728164116116188;100008;783.6090375252526;CREDIT;2020-07-28 16:41:16.116
20200728164116116142;100009;1617.2858038781246;DEBIT;2020-07-28 16:41:16.116
20200728164116117101;100007;876.1498939089671;CREDIT;2020-07-28 16:41:16.117
20200728164116118103;100001;3907.3529520316806;CREDIT;2020-07-28 16:41:16.119
20200728164116119177;100008;3889.8557306978123;CREDIT;2020-07-28 16:41:16.120
20200728164116120152;100002;3999.234469761978;DEBIT;2020-07-28 16:41:16.121
20200728164116121130;100004;946.9254250186078;CREDIT;2020-07-28 16:41:16.122
20200728164116122143;100006;2731.8116883023727;CREDIT;2020-07-28 16:41:16.122
20200728164116122133;100009;4768.445159041363;CREDIT;2020-07-28 16:41:16.123
20200728164116123173;100006;216.5890786798383;DEBIT;2020-07-28 16:41:16.123
20200728164116124175;100007;2021.3879119190049;CREDIT;2020-07-28 16:41:16.124
20200728164116124141;100003;3589.0078441784012;CREDIT;2020-07-28 16:41:16.124
20200728164116125160;100005;3265.3539334470515;CREDIT;2020-07-28 16:41:16.125
20200728164116125120;100006;1137.7313661214382;DEBIT;2020-07-28 16:41:16.126
20200728164116126160;100004;2221.5703964425306;CREDIT;2020-07-28 16:41:16.126
20200728164116126192;100002;765.4253642396712;CREDIT;2020-07-28 16:41:16.127
20200728164116127176;100005;47.164151434648794;CREDIT;2020-07-28 16:41:16.128
20200728164116128178;100008;2421.22940284265;DEBIT;2020-07-28 16:41:16.128
20200728164116129158;100003;1895.9649033210585;CREDIT;2020-07-28 16:41:16.129
20200728164116129143;100003;772.109540396244;CREDIT;2020-07-28 16:41:16.129
20200728164116130168;100008;1623.4110630123537;CREDIT;2020-07-28 16:41:16.130
20200728164116130179;100007;4763.2791512301;DEBIT;2020-07-28 16:41:16.130
20200728164116131128;100004;1007.3403325154026;CREDIT;2020-07-28 16:41:16.131
20200728164116131120;100007;2254.23747502205;CREDIT;2020-07-28 16:41:16.131
20200728164116131192;100007;4964.183654920084;CREDIT;2020-07-28 16:41:16.132
20200728164116132146;100009;2287.739337183166;DEBIT;2020-07-28 16:41:16.132
20200728164116132102;100010;1513.5427850062115;CREDIT;2020-07-28 16:41:16.133
20200728164116133118;100009;3144.469539573046;CREDIT;2020-07-28 16:41:16.134
20200728164116134179;100007;6672.686350725781;CREDIT;2020-07-28 16:41:16.134
20200728164116134196;100010;437.3267177361776;DEBIT;2020-07-28 16:41:16.135
20200728164116135171;100005;4166.053278457886;CREDIT;2020-07-28 16:41:16.135
20200728164116136105;100008;1686.9275911264094;CREDIT;2020-07-28 16:41:16.136
20200728164116136145;100001;1534.5317011233474;CREDIT;2020-07-28 16:41:16.136
20200728164116137121;100010;449.27565668429435;DEBIT;2020-07-28 16:41:16.137
20200728164116137184;100002;3368.131652862306;CREDIT;2020-07-28 16:41:16.137
20200728164116138121;100007;4027.4488373917525;CREDIT;2020-07-28 16:41:16.138
20200728164116138132;100009;310.5072621978484;CREDIT;2020-07-28 16:41:16.139
20200728164116139136;100006;3082.8105604606512;DEBIT;2020-07-28 16:41:16.139
20200728164116139185;100010;4666.527504641854;CREDIT;2020-07-28 16:41:16.140
20200728164116140112;100001;3521.1182999865773;CREDIT;2020-07-28 16:41:16.140
20200728164116140108;100004;7487.943854481152;CREDIT;2020-07-28 16:41:16.141
20200728164116141149;100005;7717.065783268305;DEBIT;2020-07-28 16:41:16.141
20200728164116141134;100007;5040.822006139384;CREDIT;2020-07-28 16:41:16.142
20200728164116142168;100004;865.8696133563778;CREDIT;2020-07-28 16:41:16.142
20200728164116142177;100007;420.02707704690033;CREDIT;2020-07-28 16:41:16.143
20200728164116143135;100008;488.4079058886705;DEBIT;2020-07-28 16:41:16.143
20200728164116143163;100006;339.5160793463346;CREDIT;2020-07-28 16:41:16.144
20200728164116144191;100005;578.2558833138587;CREDIT;2020-07-28 16:41:16.144
20200728164116144158;100004;1570.306221910158;CREDIT;2020-07-28 16:41:16.145
20200728164116145172;100006;1299.772929509267;DEBIT;2020-07-28 16:41:16.145
20200728164116145190;100004;1065.7770073480378;CREDIT;2020-07-28 16:41:16.146
20200728164116146146;100009;2238.8270538541083;CREDIT;2020-07-28 16:41:16.146
20200728164116146146;100009;24.461177552194243;CREDIT;2020-07-28 16:41:16.147
20200728164116147125;100010;687.6545545097835;DEBIT;2020-07-28 16:41:16.147
20200728164116147199;100003;4157.870179664979;CREDIT;2020-07-28 16:41:16.147
20200728164116148122;100001;1268.2062487764495;CREDIT;2020-07-28 16:41:16.157
20200728164116157199;100003;563.5571012481737;CREDIT;2020-07-28 16:41:16.157
20200728164116157154;100010;1947.1445145626205;DEBIT;2020-07-28 16:41:16.158
20200728164116158190;100006;3297.183945437342;CREDIT;2020-07-28 16:41:16.158
20200728164116158152;100008;5287.7943101179535;CREDIT;2020-07-28 16:41:16.158
20200728164116159192;100003;530.717799355374;CREDIT;2020-07-28 16:41:16.159
20200728164116160122;100003;4430.4741336239895;DEBIT;2020-07-28 16:41:16.160
20200728164116160157;100007;1487.5493422645468;CREDIT;2020-07-28 16:41:16.161
20200728164116161162;100005;2606.0395295547705;CREDIT;2020-07-28 16:41:16.161
20200728164116161153;100006;4147.650816992168;CREDIT;2020-07-28 16:41:16.161
20200728164116162114;100009;4031.6410950979457;DEBIT;2020-07-28 16:41:16.162
20200728164116162143;100002;2832.48086286962;CREDIT;2020-07-28 16:41:16.162
20200728164116163145;100007;6919.969811198793;CREDIT;2020-07-28 16:41:16.163
20200728164116163100;100006;1543.6250977720472;CREDIT;2020-07-28 16:41:16.163
20200728164116163177;100005;2123.0447199224313;DEBIT;2020-07-28 16:41:16.164
20200728164116164115;100003;1046.296638131903;CREDIT;2020-07-28 16:41:16.164
20200728164116164132;100002;1678.2708430454954;CREDIT;2020-07-28 16:41:16.164
20200728164116165187;100004;3494.2299676686007;CREDIT;2020-07-28 16:41:16.165
20200728164116165141;100002;210.30744087179164;DEBIT;2020-07-28 16:41:16.165
20200728164116165169;100002;2879.849441165198;CREDIT;2020-07-28 16:41:16.166
20200728164116166112;100006;1926.2569832058696;CREDIT;2020-07-28 16:41:16.166
20200728164116167155;100001;61.58332420369612;CREDIT;2020-07-28 16:41:16.168
20200728164116168135;100010;239.57970082889128;DEBIT;2020-07-28 16:41:16.168
20200728164116169166;100008;8651.494515702369;CREDIT;2020-07-28 16:41:16.169
20200728164116169115;100005;1606.0499363085462;CREDIT;2020-07-28 16:41:16.169
20200728164116170124;100009;6397.713613791893;CREDIT;2020-07-28 16:41:16.170
20200728164116170149;100006;98.33591676324156;DEBIT;2020-07-28 16:41:16.171
20200728164116171169;100009;1112.2266337370588;CREDIT;2020-07-28 16:41:16.171
20200728164116171169;100009;413.22743474496855;CREDIT;2020-07-28 16:41:16.172
20200728164116172196;100008;844.8962270002673;CREDIT;2020-07-28 16:41:16.172
20200728164116173106;100004;1145.3453244170366;DEBIT;2020-07-28 16:41:16.173
20200728164116173124;100006;1482.2085382720961;CREDIT;2020-07-28 16:41:16.173
20200728164116173127;100003;260.5051054109007;CREDIT;2020-07-28 16:41:16.174
20200728164116174186;100007;1726.314930355092;CREDIT;2020-07-28 16:41:16.174
20200728164116174199;100007;4351.465305556999;DEBIT;2020-07-28 16:41:16.174
20200728164116175143;100009;5920.518994780904;CREDIT;2020-07-28 16:41:16.175
20200728164116175156;100004;489.3385506019921;CREDIT;2020-07-28 16:41:16.175
20200728164116175112;100005;772.783816438525;CREDIT;2020-07-28 16:41:16.175
20200728164116175160;100006;277.47438629968406;DEBIT;2020-07-28 16:41:16.176
20200728164116176110;100004;258.4811182413063;CREDIT;2020-07-28 16:41:16.176
20200728164116177157;100008;327.73270343312225;CREDIT;2020-07-28 16:41:16.177
20200728164116177174;100006;6219.524203411655;CREDIT;2020-07-28 16:41:16.177
20200728164116177182;100007;1016.69380436838;DEBIT;2020-07-28 16:41:16.177
20200728164116177111;100009;6274.433291882183;CREDIT;2020-07-28 16:41:16.177
20200728164116178178;100008;1529.8166711483525;CREDIT;2020-07-28 16:41:16.178
20200728164116178124;100004;2502.092975948773;CREDIT;2020-07-28 16:41:16.178
20200728164116178176;100009;455.4912809431357;DEBIT;2020-07-28 16:41:16.178
20200728164116178195;100010;2711.4290213400955;CREDIT;2020-07-28 16:41:16.179
20200728164116179152;100002;908.6876572187357;CREDIT;2020-07-28 16:41:16.179
20200728164116179131;100006;3586.1389879310013;CREDIT;2020-07-28 16:41:16.179
20200728164116179146;100003;1267.1943032974398;DEBIT;2020-07-28 16:41:16.179
20200728164116179132;100001;907.4560217910836;CREDIT;2020-07-28 16:41:16.179
20200728164116179183;100005;7831.572006593294;CREDIT;2020-07-28 16:41:16.180
20200728164116180126;100007;3292.504206795027;CREDIT;2020-07-28 16:41:16.180
20200728164116180120;100008;587.6544287382732;DEBIT;2020-07-28 16:41:16.180
20200728164116180140;100003;1755.764967958254;CREDIT;2020-07-28 16:41:16.181
20200728164116181170;100003;2077.996758749975;CREDIT;2020-07-28 16:41:16.181
20200728164116181134;100010;5057.223768858582;CREDIT;2020-07-28 16:41:16.181
20200728164116181100;100010;1102.5316607212187;DEBIT;2020-07-28 16:41:16.182
20200728164116182111;100005;2296.7921967434295;CREDIT;2020-07-28 16:41:16.182
20200728164116182168;100010;5189.069408610265;CREDIT;2020-07-28 16:41:16.182
20200728164116182182;100007;580.9291856048592;CREDIT;2020-07-28 16:41:16.182
20200728164116182123;100001;1976.1197760863981;DEBIT;2020-07-28 16:41:16.183
20200728164116183169;100009;3208.877146501635;CREDIT;2020-07-28 16:41:16.183
20200728164116183172;100004;966.3380266524407;CREDIT;2020-07-28 16:41:16.183
20200728164116183197;100004;482.7171857895468;CREDIT;2020-07-28 16:41:16.183
20200728164116184117;100006;27.477126281070586;DEBIT;2020-07-28 16:41:16.184
20200728164116184154;100010;2261.9203837930277;CREDIT;2020-07-28 16:41:16.184
20200728164116185145;100008;788.1444243782458;CREDIT;2020-07-28 16:41:16.185
20200728164116185179;100009;2300.143143053537;CREDIT;2020-07-28 16:41:16.185
20200728164116185138;100005;62.479521346036435;DEBIT;2020-07-28 16:41:16.185
20200728164116185113;100002;2449.019832506553;CREDIT;2020-07-28 16:41:16.185
20200728164116185143;100008;6512.759271047417;CREDIT;2020-07-28 16:41:16.185
20200728164116186107;100008;1358.4110297108991;CREDIT;2020-07-28 16:41:16.186
20200728164116186169;100009;2487.5204511959396;DEBIT;2020-07-28 16:41:16.186
20200728164116186182;100009;1333.2147207161158;CREDIT;2020-07-28 16:41:16.186
20200728164116186124;100003;115.5633418342653;CREDIT;2020-07-28 16:41:16.186
20200728164116186109;100001;705.6523161109732;CREDIT;2020-07-28 16:41:16.187
20200728164116187163;100005;2556.885047530215;DEBIT;2020-07-28 16:41:16.187
20200728164116187173;100010;1944.2684380616695;CREDIT;2020-07-28 16:41:16.187
20200728164116187159;100001;8507.01576857893;CREDIT;2020-07-28 16:41:16.187
20200728164116187143;100002;1803.0046876170047;CREDIT;2020-07-28 16:41:16.187
20200728164116187193;100009;352.6015659841419;DEBIT;2020-07-28 16:41:16.187
20200728164116188193;100005;7685.979929468507;CREDIT;2020-07-28 16:41:16.188
20200728164116188117;100005;181.15372515874492;CREDIT;2020-07-28 16:41:16.188
20200728164116188105;100003;4104.12395701921;CREDIT;2020-07-28 16:41:16.188
20200728164116188185;100009;4181.149201325732;DEBIT;2020-07-28 16:41:16.189
20200728164116189190;100010;1112.8825551872897;CREDIT;2020-07-28 16:41:16.189
20200728164116189118;100008;2650.0570291242407;CREDIT;2020-07-28 16:41:16.189
20200728164116189120;100004;4723.32376530172;CREDIT;2020-07-28 16:41:16.189
20200728164116190197;100005;2305.139538115304;DEBIT;2020-07-28 16:41:16.190
20200728164116190148;100002;876.8753317276502;CREDIT;2020-07-28 16:41:16.190
20200728164116190172;100003;2788.2962418284346;CREDIT;2020-07-28 16:41:16.190
20200728164116191111;100010;2560.20016135044;CREDIT;2020-07-28 16:41:16.191
20200728164116191167;100008;5011.7924392181985;DEBIT;2020-07-28 16:41:16.191
20200728164116191198;100002;93.68612057774835;CREDIT;2020-07-28 16:41:16.191
20200728164116192161;100007;8277.054427890624;CREDIT;2020-07-28 16:41:16.192
20200728164116192154;100001;1910.4459996675696;CREDIT;2020-07-28 16:41:16.192
20200728164116192138;100010;3340.0291651159887;DEBIT;2020-07-28 16:41:16.192
20200728164116193156;100005;8968.719702539276;CREDIT;2020-07-28 16:41:16.193
20200728164116193150;100002;9349.669184276629;CREDIT;2020-07-28 16:41:16.193
20200728164116193174;100002;152.92589474046;CREDIT;2020-07-28 16:41:16.193
20200728164116193198;100006;222.4213647567406;DEBIT;2020-07-28 16:41:16.193
20200728164116193195;100009;5012.98353670192;CREDIT;2020-07-28 16:41:16.193
20200728164116194185;100004;7270.013648396025;CREDIT;2020-07-28 16:41:16.194
20200728164116194148;100005;913.6708479330468;CREDIT;2020-07-28 16:41:16.194
20200728164116194192;100002;1404.211156396401;DEBIT;2020-07-28 16:41:16.194
20200728164116194139;100001;2351.1391925111925;CREDIT;2020-07-28 16:41:16.194
20200728164116194131;100005;1331.2594719459032;CREDIT;2020-07-28 16:41:16.194
20200728164116194108;100003;390.9939286087498;CREDIT;2020-07-28 16:41:16.195
20200728164116195165;100008;4772.12748494493;DEBIT;2020-07-28 16:41:16.195
20200728164116195142;100001;165.41584620567;CREDIT;2020-07-28 16:41:16.195
20200728164116196132;100002;7276.271010859131;CREDIT;2020-07-28 16:41:16.196
20200728164116196191;100003;4.883265811541634;CREDIT;2020-07-28 16:41:16.196
20200728164116197112;100001;3041.80435589368;DEBIT;2020-07-28 16:41:16.197
20200728164116197120;100004;5782.588342185869;CREDIT;2020-07-28 16:41:16.197
20200728164116197100;100001;1664.5242171617;CREDIT;2020-07-28 16:41:16.197
20200728164116197177;100007;2931.0809161231477;CREDIT;2020-07-28 16:41:16.197
20200728164116197171;100009;1779.3485931336422;DEBIT;2020-07-28 16:41:16.197
20200728164116197171;100008;1735.1435711595427;CREDIT;2020-07-28 16:41:16.197
20200728164116198100;100004;853.1784177322274;CREDIT;2020-07-28 16:41:16.198
20200728164116198155;100003;669.1626327882809;CREDIT;2020-07-28 16:41:16.198
20200728164116198166;100004;2516.1358090132594;DEBIT;2020-07-28 16:41:16.198
20200728164116198196;100009;968.6026582458632;CREDIT;2020-07-28 16:41:16.198
20200728164116198169;100007;976.6074061598239;CREDIT;2020-07-28 16:41:16.198
20200728164116199171;100004;216.86784890451784;CREDIT;2020-07-28 16:41:16.199
20200728164116199123;100003;8023.223309460523;DEBIT;2020-07-28 16:41:16.199
20200728164116199112;100006;240.33031512004078;CREDIT;2020-07-28 16:41:16.199
20200728164116199185;100009;8334.732623563757;CREDIT;2020-07-28 16:41:16.199
20200728164116199180;100001;2181.9397606881594;CREDIT;2020-07-28 16:41:16.199
20200728164116199113;100008;799.813813408777;DEBIT;2020-07-28 16:41:16.200
20200728164116200187;100005;1073.3974646209042;CREDIT;2020-07-28 16:41:16.200
20200728164116200127;100003;6294.62833977332;CREDIT;2020-07-28 16:41:16.200
20200728164116200154;100003;6465.219572133924;CREDIT;2020-07-28 16:41:16.200
20200728164116200155;100004;3460.7316837073167;DEBIT;2020-07-28 16:41:16.200
20200728164116200137;100001;678.4709395983813;CREDIT;2020-07-28 16:41:16.201
20200728164116201138;100004;1348.313905345956;CREDIT;2020-07-28 16:41:16.201
20200728164116201159;100004;3230.147653267894;CREDIT;2020-07-28 16:41:16.201
20200728164116201145;100006;971.1799865423172;DEBIT;2020-07-28 16:41:16.201
20200728164116201145;100006;857.1812597870127;CREDIT;2020-07-28 16:41:16.202
20200728164116202110;100009;5556.859321942748;CREDIT;2020-07-28 16:41:16.202
20200728164116202167;100007;3616.0830950072423;CREDIT;2020-07-28 16:41:16.202
20200728164116202161;100005;2614.0929751912804;DEBIT;2020-07-28 16:41:16.202
20200728164116202130;100001;110.71912681738047;CREDIT;2020-07-28 16:41:16.202
20200728164116202152;100007;165.074785210764;CREDIT;2020-07-28 16:41:16.202
20200728164116202167;100003;17.942837172570268;CREDIT;2020-07-28 16:41:16.202
20200728164116202134;100003;3060.6722036005513;DEBIT;2020-07-28 16:41:16.203
20200728164116203117;100002;6750.462740640886;CREDIT;2020-07-28 16:41:16.203
20200728164116203171;100007;1970.019863330067;CREDIT;2020-07-28 16:41:16.203
20200728164116203111;100007;2744.17632892472;CREDIT;2020-07-28 16:41:16.203
20200728164116203183;100005;4338.851675228539;DEBIT;2020-07-28 16:41:16.203
20200728164116203145;100008;1109.5912544193081;CREDIT;2020-07-28 16:41:16.203
20200728164116203176;100001;2082.916658883104;CREDIT;2020-07-28 16:41:16.203
20200728164116204195;100007;3601.700034830265;CREDIT;2020-07-28 16:41:16.204
20200728164116205104;100008;5645.999997096761;DEBIT;2020-07-28 16:41:16.205
20200728164116205158;100007;692.3034583845305;CREDIT;2020-07-28 16:41:16.205
20200728164116205102;100001;341.6066233706759;CREDIT;2020-07-28 16:41:16.206
20200728164116206145;100005;5966.294871476991;CREDIT;2020-07-28 16:41:16.206
20200728164116206176;100006;5542.315603741541;DEBIT;2020-07-28 16:41:16.206
20200728164116206144;100003;2839.0010621801976;CREDIT;2020-07-28 16:41:16.206
20200728164116206121;100004;4652.33020636793;CREDIT;2020-07-28 16:41:16.206
20200728164116206122;100001;2480.6993412318207;CREDIT;2020-07-28 16:41:16.206
20200728164116207181;100006;8594.030576276597;DEBIT;2020-07-28 16:41:16.207
20200728164116207176;100004;4253.17604083799;CREDIT;2020-07-28 16:41:16.207
20200728164116207160;100001;319.3179093164275;CREDIT;2020-07-28 16:41:16.207
20200728164116207156;100004;3149.077067853159;CREDIT;2020-07-28 16:41:16.207
20200728164116207118;100004;181.46240248625955;DEBIT;2020-07-28 16:41:16.207
20200728164116207114;100006;266.35885765428367;CREDIT;2020-07-28 16:41:16.207
20200728164116207179;100008;3594.612087352337;CREDIT;2020-07-28 16:41:16.207
20200728164116207131;100008;1557.6480268477474;CREDIT;2020-07-28 16:41:16.208
20200728164116208180;100006;2622.180109730863;DEBIT;2020-07-28 16:41:16.208
20200728164116208119;100002;2093.6077733592583;CREDIT;2020-07-28 16:41:16.208
20200728164116208188;100009;2680.126065537277;CREDIT;2020-07-28 16:41:16.208
20200728164116208187;100006;2142.7273057743887;CREDIT;2020-07-28 16:41:16.208
20200728164116208183;100010;769.6324584036429;DEBIT;2020-07-28 16:41:16.208
20200728164116209102;100009;79.70680316168648;CREDIT;2020-07-28 16:41:16.209
20200728164116209126;100006;6988.75994369819;CREDIT;2020-07-28 16:41:16.209
20200728164116209114;100005;6172.415681123508;CREDIT;2020-07-28 16:41:16.209
20200728164116209123;100007;5835.568862276207;DEBIT;2020-07-28 16:41:16.209
20200728164116209105;100008;6798.986400308047;CREDIT;2020-07-28 16:41:16.209
20200728164116209122;100007;4699.384650249923;CREDIT;2020-07-28 16:41:16.209
20200728164116209132;100007;3943.2627745199884;CREDIT;2020-07-28 16:41:16.210
20200728164116210170;100008;318.5682055249551;DEBIT;2020-07-28 16:41:16.210
20200728164116210142;100009;2587.6662387096867;CREDIT;2020-07-28 16:41:16.210
20200728164116210173;100001;1457.2494626873017;CREDIT;2020-07-28 16:41:16.211
20200728164116211163;100005;3442.069438198755;CREDIT;2020-07-28 16:41:16.211
20200728164116211142;100005;1486.3181645956433;DEBIT;2020-07-28 16:41:16.211
20200728164116211160;100008;1516.1131053107267;CREDIT;2020-07-28 16:41:16.211
20200728164116211128;100010;898.3360393406657;CREDIT;2020-07-28 16:41:16.211
20200728164116211155;100004;5454.507762896378;CREDIT;2020-07-28 16:41:16.212
20200728164116212182;100003;1601.157905618538;DEBIT;2020-07-28 16:41:16.212
20200728164116212136;100005;2227.029002748969;CREDIT;2020-07-28 16:41:16.212
20200728164116212185;100006;2942.37412847105;CREDIT;2020-07-28 16:41:16.212
20200728164116212182;100005;1949.9546872613876;CREDIT;2020-07-28 16:41:16.213
20200728164116213151;100001;3883.74098100132;DEBIT;2020-07-28 16:41:16.213
20200728164116213144;100010;304.92395633474223;CREDIT;2020-07-28 16:41:16.213
20200728164116213159;100010;72.38052634570373;CREDIT;2020-07-28 16:41:16.213
20200728164116213112;100004;1889.5308791595096;CREDIT;2020-07-28 16:41:16.213
20200728164116214109;100003;7512.248654425946;DEBIT;2020-07-28 16:41:16.214
20200728164116214101;100004;3900.476267395531;CREDIT;2020-07-28 16:41:16.214
20200728164116214177;100002;1573.248334093243;CREDIT;2020-07-28 16:41:16.214
20200728164116214197;100009;3903.4969161054782;CREDIT;2020-07-28 16:41:16.214
20200728164116214189;100010;8813.564963741343;DEBIT;2020-07-28 16:41:16.214
20200728164116215149;100010;3050.1129689778177;CREDIT;2020-07-28 16:41:16.215
20200728164116215179;100004;2496.4321988501865;CREDIT;2020-07-28 16:41:16.215
20200728164116215186;100005;589.0056740009476;CREDIT;2020-07-28 16:41:16.215
20200728164116215175;100002;465.62364071062035;DEBIT;2020-07-28 16:41:16.215
20200728164116215192;100010;1361.3044416455098;CREDIT;2020-07-28 16:41:16.215
20200728164116216157;100002;1524.0653656898867;CREDIT;2020-07-28 16:41:16.216
20200728164116216110;100001;284.05327556707;CREDIT;2020-07-28 16:41:16.217
20200728164116217150;100002;916.2051424489531;DEBIT;2020-07-28 16:41:16.217
20200728164116217108;100003;1117.4946028904176;CREDIT;2020-07-28 16:41:16.217
20200728164116217195;100001;7618.1993642853695;CREDIT;2020-07-28 16:41:16.218
20200728164116218138;100005;5555.993247062209;CREDIT;2020-07-28 16:41:16.218
20200728164116218183;100010;1424.8013382849797;DEBIT;2020-07-28 16:41:16.218
20200728164116218126;100004;2595.0099640760527;CREDIT;2020-07-28 16:41:16.218
20200728164116219190;100002;6156.187668786877;CREDIT;2020-07-28 16:41:16.219
20200728164116219149;100010;365.2628420584564;CREDIT;2020-07-28 16:41:16.219
20200728164116221105;100004;295.5600474635609;DEBIT;2020-07-28 16:41:16.221
20200728164116221188;100002;1746.4579286468663;CREDIT;2020-07-28 16:41:16.221
20200728164116221124;100008;96.42954102185826;CREDIT;2020-07-28 16:41:16.221
20200728164116222123;100001;1131.749926464342;CREDIT;2020-07-28 16:41:16.222
20200728164116222182;100001;12.521371598971513;DEBIT;2020-07-28 16:41:16.222
20200728164116222112;100001;5.479545001453956;CREDIT;2020-07-28 16:41:16.222
20200728164116223199;100008;848.0009415814047;CREDIT;2020-07-28 16:41:16.223
20200728164116223166;100006;2120.741261379687;CREDIT;2020-07-28 16:41:16.223
20200728164116223158;100009;952.5435526374876;DEBIT;2020-07-28 16:41:16.223
20200728164116223151;100002;8546.801751398829;CREDIT;2020-07-28 16:41:16.224
20200728164116224104;100009;1273.1297433264676;CREDIT;2020-07-28 16:41:16.224
20200728164116224192;100008;1347.9133488130503;CREDIT;2020-07-28 16:41:16.224
20200728164116224106;100001;1749.5461610299985;DEBIT;2020-07-28 16:41:16.225
20200728164116225114;100006;2324.338408259112;CREDIT;2020-07-28 16:41:16.225
20200728164116225191;100001;3276.2174118703083;CREDIT;2020-07-28 16:41:16.225
20200728164116226182;100007;3578.3618714251547;CREDIT;2020-07-28 16:41:16.226
20200728164116226119;100010;694.4603376320513;DEBIT;2020-07-28 16:41:16.226
20200728164116226117;100005;2557.298138965197;CREDIT;2020-07-28 16:41:16.226
20200728164116226140;100008;6190.075304827482;CREDIT;2020-07-28 16:41:16.226
20200728164116226151;100003;1.2557806959161881;CREDIT;2020-07-28 16:41:16.226
20200728164116227138;100002;587.0898701281649;DEBIT;2020-07-28 16:41:16.227
20200728164116227102;100003;2012.4536035755275;CREDIT;2020-07-28 16:41:16.227
20200728164116227144;100006;2536.8915452785486;CREDIT;2020-07-28 16:41:16.227
20200728164116227146;100001;3366.9623437786;CREDIT;2020-07-28 16:41:16.227
20200728164116227153;100010;2396.5975557358265;DEBIT;2020-07-28 16:41:16.228
20200728164116228100;100007;2006.5403063046613;CREDIT;2020-07-28 16:41:16.228
20200728164116228173;100006;564.5045066961279;CREDIT;2020-07-28 16:41:16.228
20200728164116228132;100004;86.49840803251166;CREDIT;2020-07-28 16:41:16.228
20200728164116228134;100001;2786.901385827661;DEBIT;2020-07-28 16:41:16.228
20200728164116228167;100010;1367.440839394833;CREDIT;2020-07-28 16:41:16.228
20200728164116228134;100008;357.67101619891145;CREDIT;2020-07-28 16:41:16.228
20200728164116228180;100005;2591.640504655353;CREDIT;2020-07-28 16:41:16.228
20200728164116229129;100009;2069.2065676508587;DEBIT;2020-07-28 16:41:16.229
20200728164116229148;100006;950.751843255195;CREDIT;2020-07-28 16:41:16.229
20200728164116229135;100009;879.4481184461772;CREDIT;2020-07-28 16:41:16.229
20200728164116229117;100004;1291.2978044911388;CREDIT;2020-07-28 16:41:16.229
20200728164116229176;100006;2717.3791426417965;DEBIT;2020-07-28 16:41:16.229
20200728164116229126;100008;5398.271561880194;CREDIT;2020-07-28 16:41:16.229
20200728164116229180;100006;3969.166981945051;CREDIT;2020-07-28 16:41:16.229
20200728164116229167;100005;1357.0427619386974;CREDIT;2020-07-28 16:41:16.229
20200728164116229133;100008;959.858535795372;DEBIT;2020-07-28 16:41:16.230
20200728164116230192;100002;3570.9343171220894;CREDIT;2020-07-28 16:41:16.230
20200728164116230153;100003;1092.869362344929;CREDIT;2020-07-28 16:41:16.230
20200728164116230108;100006;5160.143288567388;CREDIT;2020-07-28 16:41:16.230
20200728164116230108;100003;4722.562510666344;DEBIT;2020-07-28 16:41:16.230
20200728164116230149;100004;6140.109188501768;CREDIT;2020-07-28 16:41:16.230
20200728164116230127;100007;4059.192256098539;CREDIT;2020-07-28 16:41:16.230
20200728164116230131;100008;677.4492622370481;CREDIT;2020-07-28 16:41:16.230
20200728164116230192;100002;3670.407750226015;DEBIT;2020-07-28 16:41:16.230
20200728164116230165;100006;7115.5451747573425;CREDIT;2020-07-28 16:41:16.230
20200728164116231178;100006;1849.601445711735;CREDIT;2020-07-28 16:41:16.231
20200728164116231147;100001;393.0782128824105;CREDIT;2020-07-28 16:41:16.231
20200728164116231136;100001;2272.299161564859;DEBIT;2020-07-28 16:41:16.231
20200728164116231134;100007;1005.0775773905405;CREDIT;2020-07-28 16:41:16.231
20200728164116231189;100007;2403.058173908708;CREDIT;2020-07-28 16:41:16.231
20200728164116231135;100005;1757.6084925753996;CREDIT;2020-07-28 16:41:16.231
20200728164116231159;100003;2811.2905827200234;DEBIT;2020-07-28 16:41:16.231
20200728164116231176;100003;1119.0735706197456;CREDIT;2020-07-28 16:41:16.232
20200728164116232111;100003;1092.4876096661292;CREDIT;2020-07-28 16:41:16.232
20200728164116232163;100010;477.61810317215117;CREDIT;2020-07-28 16:41:16.232
20200728164116232190;100008;4146.782825213573;DEBIT;2020-07-28 16:41:16.232
20200728164116232116;100005;600.8928892877744;CREDIT;2020-07-28 16:41:16.232
20200728164116241197;100009;2629.0897476402965;CREDIT;2020-07-28 16:41:16.241
20200728164116241197;100007;1497.0262518018912;CREDIT;2020-07-28 16:41:16.241
20200728164116241135;100002;1318.417383027663;DEBIT;2020-07-28 16:41:16.241
20200728164116242102;100009;1312.7485614827247;CREDIT;2020-07-28 16:41:16.242
20200728164116242104;100002;5271.7091467277705;CREDIT;2020-07-28 16:41:16.242
20200728164116245192;100007;487.98737229260115;CREDIT;2020-07-28 16:41:16.245
20200728164116245120;100008;226.42636300884263;DEBIT;2020-07-28 16:41:16.245
20200728164116245190;100009;4123.264085865916;CREDIT;2020-07-28 16:41:16.245
20200728164116245195;100002;623.112313707246;CREDIT;2020-07-28 16:41:16.245
20200728164116245160;100007;922.5737969602677;CREDIT;2020-07-28 16:41:16.245
20200728164116246172;100008;66.24547993333054;DEBIT;2020-07-28 16:41:16.246
20200728164116246132;100001;4139.051390535802;CREDIT;2020-07-28 16:41:16.246
20200728164116247104;100002;7078.800154820918;CREDIT;2020-07-28 16:41:16.247
20200728164116247126;100004;1878.8872747794876;CREDIT;2020-07-28 16:41:16.247
20200728164116247180;100002;1402.6128570285516;DEBIT;2020-07-28 16:41:16.247
20200728164116247173;100002;8912.310593022621;CREDIT;2020-07-28 16:41:16.247
20200728164116247177;100009;758.4072509188695;CREDIT;2020-07-28 16:41:16.247
20200728164116248156;100005;139.78401718810557;CREDIT;2020-07-28 16:41:16.248
20200728164116248102;100008;98.58876460372743;DEBIT;2020-07-28 16:41:16.248
20200728164116248195;100010;3926.770411600012;CREDIT;2020-07-28 16:41:16.248
20200728164116248135;100010;81.95949553159649;CREDIT;2020-07-28 16:41:16.248
20200728164116260146;100008;5119.545945725362;CREDIT;2020-07-28 16:41:16.260
20200728164116260170;100006;5776.600298546797;DEBIT;2020-07-28 16:41:16.260
20200728164116260109;100006;744.5580698594957;CREDIT;2020-07-28 16:41:16.260
20200728164116260137;100008;7865.4346737120695;CREDIT;2020-07-28 16:41:16.260
20200728164116260178;100010;655.4754095396905;CREDIT;2020-07-28 16:41:16.261
20200728164116261147;100005;4850.791411107673;DEBIT;2020-07-28 16:41:16.261
20200728164116261124;100002;2830.127495870997;CREDIT;2020-07-28 16:41:16.261
20200728164116261120;100003;4828.404989022783;CREDIT;2020-07-28 16:41:16.261
20200728164116261104;100004;1554.325644784221;CREDIT;2020-07-28 16:41:16.261
20200728164116261164;100003;5815.376026045589;DEBIT;2020-07-28 16:41:16.261
20200728164116261167;100006;3495.2508174810328;CREDIT;2020-07-28 16:41:16.261
20200728164116262116;100005;565.6901017532638;CREDIT;2020-07-28 16:41:16.262
20200728164116262152;100010;19.38208654689653;CREDIT;2020-07-28 16:41:16.262
20200728164116262144;100007;21.070248337313057;DEBIT;2020-07-28 16:41:16.262
20200728164116262152;100008;1141.011449212603;CREDIT;2020-07-28 16:41:16.262
20200728164116262158;100010;516.3483884040185;CREDIT;2020-07-28 16:41:16.265
20200728164116265162;100001;8456.810831103776;CREDIT;2020-07-28 16:41:16.265
20200728164116265165;100001;2128.601562869258;DEBIT;2020-07-28 16:41:16.265
20200728164116265170;100007;58.869204237036975;CREDIT;2020-07-28 16:41:16.265
20200728164116265190;100007;4261.06707117713;CREDIT;2020-07-28 16:41:16.265
20200728164116265119;100002;3202.5329527809445;CREDIT;2020-07-28 16:41:16.265
20200728164116265128;100004;1120.979360172031;DEBIT;2020-07-28 16:41:16.265
20200728164116266160;100005;67.78743401254853;CREDIT;2020-07-28 16:41:16.266
20200728164116266122;100003;1774.9174058583549;CREDIT;2020-07-28 16:41:16.266
20200728164116267139;100007;4795.325823710987;CREDIT;2020-07-28 16:41:16.267
20200728164116267117;100006;3719.132438245073;DEBIT;2020-07-28 16:41:16.267
20200728164116267119;100002;2657.764817804553;CREDIT;2020-07-28 16:41:16.267
20200728164116267123;100004;4341.298829124323;CREDIT;2020-07-28 16:41:16.267
20200728164116267128;100007;2708.824005311049;CREDIT;2020-07-28 16:41:16.267
20200728164116267107;100003;671.1130995634418;DEBIT;2020-07-28 16:41:16.268
20200728164116268120;100007;4420.811216938818;CREDIT;2020-07-28 16:41:16.268
20200728164116268140;100003;707.0722247783655;CREDIT;2020-07-28 16:41:16.268
20200728164116268105;100008;1026.0463893496924;CREDIT;2020-07-28 16:41:16.269
20200728164116269196;100006;21.12353569045505;DEBIT;2020-07-28 16:41:16.269
20200728164116269135;100006;280.8810100311271;CREDIT;2020-07-28 16:41:16.269
20200728164116269152;100005;1489.324022194331;CREDIT;2020-07-28 16:41:16.269
20200728164116269117;100009;8879.053147444232;CREDIT;2020-07-28 16:41:16.269
20200728164116269182;100003;465.969676017551;DEBIT;2020-07-28 16:41:16.269
20200728164116269168;100003;4036.3874665012277;CREDIT;2020-07-28 16:41:16.269
20200728164116269196;100002;1157.7647788529891;CREDIT;2020-07-28 16:41:16.269
20200728164116269184;100006;3271.8339069321873;CREDIT;2020-07-28 16:41:16.269
20200728164116269156;100007;1304.9206953562918;DEBIT;2020-07-28 16:41:16.269
20200728164116269173;100001;1591.1318173237291;CREDIT;2020-07-28 16:41:16.270
20200728164116270192;100009;2052.878823921507;CREDIT;2020-07-28 16:41:16.270
20200728164116270122;100007;1320.9262750327027;CREDIT;2020-07-28 16:41:16.270
20200728164116270132;100009;2301.4407625060544;DEBIT;2020-07-28 16:41:16.270
20200728164116271161;100001;1659.3450273978592;CREDIT;2020-07-28 16:41:16.271
20200728164116271142;100008;6503.617607410109;CREDIT;2020-07-28 16:41:16.271
20200728164116271128;100006;352.7236618894457;CREDIT;2020-07-28 16:41:16.271
20200728164116271172;100003;379.04947749347156;DEBIT;2020-07-28 16:41:16.271
20200728164116271115;100007;4864.089833040115;CREDIT;2020-07-28 16:41:16.271
20200728164116271151;100009;3253.7085727952726;CREDIT;2020-07-28 16:41:16.271
20200728164116271107;100001;729.6728662084557;CREDIT;2020-07-28 16:41:16.271
20200728164116271191;100002;426.79030059177336;DEBIT;2020-07-28 16:41:16.272
20200728164116272140;100009;1728.1887919690505;CREDIT;2020-07-28 16:41:16.272
20200728164116272139;100003;2024.773900097446;CREDIT;2020-07-28 16:41:16.272
20200728164116272123;100004;1570.055285876574;CREDIT;2020-07-28 16:41:16.272
20200728164116272120;100008;2237.8804565104906;DEBIT;2020-07-28 16:41:16.272
20200728164116272151;100001;1850.9686516295158;CREDIT;2020-07-28 16:41:16.272
20200728164116272131;100009;1756.8438824642137;CREDIT;2020-07-28 16:41:16.272
20200728164116272141;100003;7243.261853226987;CREDIT;2020-07-28 16:41:16.272
20200728164116272119;100006;967.9579614243803;DEBIT;2020-07-28 16:41:16.272
20200728164116273161;100005;3419.0655542847867;CREDIT;2020-07-28 16:41:16.273
20200728164116273175;100001;4575.239180283873;CREDIT;2020-07-28 16:41:16.273
20200728164116273192;100009;5142.102364226507;CREDIT;2020-07-28 16:41:16.273
20200728164116273111;100003;590.3196149855805;DEBIT;2020-07-28 16:41:16.273
20200728164116273149;100008;740.8825981601435;CREDIT;2020-07-28 16:41:16.273
20200728164116273128;100009;468.254621649565;CREDIT;2020-07-28 16:41:16.273
20200728164116273173;100010;1647.1934886076579;CREDIT;2020-07-28 16:41:16.273
20200728164116273165;100005;2087.4217494645577;DEBIT;2020-07-28 16:41:16.274
20200728164116274110;100008;758.5948444536821;CREDIT;2020-07-28 16:41:16.274
20200728164116274110;100005;5214.36631480349;CREDIT;2020-07-28 16:41:16.274
20200728164116274173;100007;3424.1377357411584;CREDIT;2020-07-28 16:41:16.274
20200728164116274131;100008;8492.589020616766;DEBIT;2020-07-28 16:41:16.274
20200728164116274136;100010;2904.681542572346;CREDIT;2020-07-28 16:41:16.275
20200728164116275105;100008;6292.136076547599;CREDIT;2020-07-28 16:41:16.275
20200728164116275122;100005;1387.6542219145097;CREDIT;2020-07-28 16:41:16.275
20200728164116275132;100007;20.993352358844227;DEBIT;2020-07-28 16:41:16.275
20200728164116275185;100010;3303.0991442317545;CREDIT;2020-07-28 16:41:16.275
20200728164116275196;100004;3717.43846426867;CREDIT;2020-07-28 16:41:16.275
20200728164116275127;100004;1068.2044486568057;CREDIT;2020-07-28 16:41:16.275
20200728164116275168;100010;2858.5415616335295;DEBIT;2020-07-28 16:41:16.275
20200728164116276118;100005;323.52038041930996;CREDIT;2020-07-28 16:41:16.276
20200728164116276156;100003;1783.498410822354;CREDIT;2020-07-28 16:41:16.276
20200728164116277170;100009;64.78929653471826;CREDIT;2020-07-28 16:41:16.277
20200728164116277166;100006;536.2529902177129;DEBIT;2020-07-28 16:41:16.277
20200728164116277170;100009;297.8138854081681;CREDIT;2020-07-28 16:41:16.277
20200728164116277192;100010;7592.177926257085;CREDIT;2020-07-28 16:41:16.277
20200728164116277161;100002;3861.8912811991427;CREDIT;2020-07-28 16:41:16.277
20200728164116277169;100009;3729.2102792217606;DEBIT;2020-07-28 16:41:16.277
20200728164116277165;100010;1350.1783638887273;CREDIT;2020-07-28 16:41:16.277
20200728164116277177;100008;3009.2887390124815;CREDIT;2020-07-28 16:41:16.278
20200728164116278167;100010;3448.138181367512;CREDIT;2020-07-28 16:41:16.278
20200728164116278199;100009;625.8820368991345;DEBIT;2020-07-28 16:41:16.279
20200728164116279134;100007;6408.828175743631;CREDIT;2020-07-28 16:41:16.279
20200728164116279104;100002;61.59376130431645;CREDIT;2020-07-28 16:41:16.279
20200728164116279166;100007;695.2479250887466;CREDIT;2020-07-28 16:41:16.279
20200728164116279128;100010;332.4903421736491;DEBIT;2020-07-28 16:41:16.279
20200728164116279115;100009;4266.560318351788;CREDIT;2020-07-28 16:41:16.279
20200728164116280116;100010;1667.1719709745257;CREDIT;2020-07-28 16:41:16.280
20200728164116280187;100008;5225.49270500312;CREDIT;2020-07-28 16:41:16.280
20200728164116280186;100006;781.7306501188611;DEBIT;2020-07-28 16:41:16.280
20200728164116280160;100008;631.3168371361346;CREDIT;2020-07-28 16:41:16.280
20200728164116280185;100010;2462.4639572019546;CREDIT;2020-07-28 16:41:16.280
20200728164116280103;100008;3587.155998191054;CREDIT;2020-07-28 16:41:16.280
20200728164116280177;100005;986.2185025468194;DEBIT;2020-07-28 16:41:16.280
20200728164116280129;100008;1604.6045090498365;CREDIT;2020-07-28 16:41:16.281
20200728164116281195;100001;8215.829827813368;CREDIT;2020-07-28 16:41:16.281
20200728164116281190;100009;5568.605226650024;CREDIT;2020-07-28 16:41:16.281
20200728164116281193;100002;62.511628380367284;DEBIT;2020-07-28 16:41:16.281
20200728164116281105;100007;43.02775982091321;CREDIT;2020-07-28 16:41:16.281
20200728164116281166;100007;1369.013958024007;CREDIT;2020-07-28 16:41:16.281
20200728164116281181;100003;1523.0437776352264;CREDIT;2020-07-28 16:41:16.282
20200728164116282162;100008;6958.968216231949;DEBIT;2020-07-28 16:41:16.282
20200728164116282109;100008;640.6198963410559;CREDIT;2020-07-28 16:41:16.282
20200728164116282127;100008;7464.382346693561;CREDIT;2020-07-28 16:41:16.282
20200728164116282188;100010;5518.295806334735;CREDIT;2020-07-28 16:41:16.282
20200728164116282128;100005;268.9089052583421;DEBIT;2020-07-28 16:41:16.282
20200728164116282163;100010;142.79820388835813;CREDIT;2020-07-28 16:41:16.283
20200728164116283182;100010;502.259952999013;CREDIT;2020-07-28 16:41:16.283
20200728164116283188;100001;4949.129759988806;CREDIT;2020-07-28 16:41:16.283
20200728164116283159;100001;8216.54358039352;DEBIT;2020-07-28 16:41:16.283
20200728164116283159;100005;253.38280743850058;CREDIT;2020-07-28 16:41:16.283
20200728164116283144;100001;1885.8284548270603;CREDIT;2020-07-28 16:41:16.283
20200728164116283179;100002;1446.0497466290958;CREDIT;2020-07-28 16:41:16.283
20200728164116283117;100003;3696.3441711637324;DEBIT;2020-07-28 16:41:16.283
20200728164116283154;100006;4530.190463037214;CREDIT;2020-07-28 16:41:16.283
20200728164116283128;100010;6199.4011378239775;CREDIT;2020-07-28 16:41:16.284
20200728164116284107;100002;3466.1605116945275;CREDIT;2020-07-28 16:41:16.284
20200728164116284189;100005;2898.1295294316396;DEBIT;2020-07-28 16:41:16.284
20200728164116286142;100006;1188.6932751236943;CREDIT;2020-07-28 16:41:16.286
20200728164116286152;100001;9230.687408388016;CREDIT;2020-07-28 16:41:16.286
20200728164116286139;100009;4136.9518624698;CREDIT;2020-07-28 16:41:16.287
20200728164116287153;100001;4995.163884198049;DEBIT;2020-07-28 16:41:16.287
20200728164116287136;100006;3268.924990022071;CREDIT;2020-07-28 16:41:16.287
20200728164116287137;100006;2779.1219987483187;CREDIT;2020-07-28 16:41:16.287
20200728164116287188;100007;9611.495580866105;CREDIT;2020-07-28 16:41:16.287
20200728164116287150;100003;879.5475873956689;DEBIT;2020-07-28 16:41:16.287
20200728164116287130;100009;5933.934123198297;CREDIT;2020-07-28 16:41:16.287
20200728164116287116;100003;5411.496768207773;CREDIT;2020-07-28 16:41:16.287
20200728164116287108;100004;2006.098504515345;CREDIT;2020-07-28 16:41:16.287
20200728164116287155;100002;2627.0110363685976;DEBIT;2020-07-28 16:41:16.287
20200728164116288152;100007;2510.854881104482;CREDIT;2020-07-28 16:41:16.288
20200728164116288108;100006;147.32731817356213;CREDIT;2020-07-28 16:41:16.288
20200728164116288120;100004;4138.528323712408;CREDIT;2020-07-28 16:41:16.288
20200728164116288129;100006;4827.645776030781;DEBIT;2020-07-28 16:41:16.288
20200728164116288112;100003;4815.220936119208;CREDIT;2020-07-28 16:41:16.288
20200728164116288194;100005;1096.8940135882751;CREDIT;2020-07-28 16:41:16.288
20200728164116288137;100008;3483.0132844744367;CREDIT;2020-07-28 16:41:16.288
20200728164116289194;100009;2167.487320195018;DEBIT;2020-07-28 16:41:16.289
20200728164116289166;100002;484.85854085326406;CREDIT;2020-07-28 16:41:16.289
20200728164116289122;100007;1733.2535909188293;CREDIT;2020-07-28 16:41:16.289
20200728164116289126;100003;6771.906419237785;CREDIT;2020-07-28 16:41:16.289
20200728164116289120;100005;1584.5421016124628;DEBIT;2020-07-28 16:41:16.289
20200728164116289130;100010;17.26785176878031;CREDIT;2020-07-28 16:41:16.289
20200728164116289134;100003;1025.1574974007187;CREDIT;2020-07-28 16:41:16.289
20200728164116289158;100001;8264.89446197358;CREDIT;2020-07-28 16:41:16.289
20200728164116289189;100001;5213.256167052379;DEBIT;2020-07-28 16:41:16.289
20200728164116289142;100007;1730.533373236998;CREDIT;2020-07-28 16:41:16.289
20200728164116289123;100005;1392.3130931597004;CREDIT;2020-07-28 16:41:16.289
20200728164116289105;100003;44.55816692256753;CREDIT;2020-07-28 16:41:16.290
20200728164116290124;100007;8785.556676327711;DEBIT;2020-07-28 16:41:16.290
20200728164116290145;100006;231.7054937687756;CREDIT;2020-07-28 16:41:16.290
20200728164116290154;100008;2785.545920690651;CREDIT;2020-07-28 16:41:16.290
20200728164116290151;100006;195.04509999384402;CREDIT;2020-07-28 16:41:16.290
20200728164116290148;100006;1070.6096988258696;DEBIT;2020-07-28 16:41:16.290
20200728164116290175;100004;1438.5565293093478;CREDIT;2020-07-28 16:41:16.290
20200728164116290144;100008;341.644124865217;CREDIT;2020-07-28 16:41:16.290
20200728164116290175;100005;259.49616665616225;CREDIT;2020-07-28 16:41:16.290
20200728164116290108;100002;394.20233068408004;DEBIT;2020-07-28 16:41:16.290
20200728164116290173;100001;2031.467399297787;CREDIT;2020-07-28 16:41:16.290
20200728164116290182;100002;3591.902563316246;CREDIT;2020-07-28 16:41:16.290
20200728164116290196;100007;3436.3799178261456;CREDIT;2020-07-28 16:41:16.290
20200728164116291119;100008;1828.6177746467495;DEBIT;2020-07-28 16:41:16.291
20200728164116291179;100004;1294.1665561000787;CREDIT;2020-07-28 16:41:16.291
20200728164116291144;100002;4159.946901924676;CREDIT;2020-07-28 16:41:16.291
20200728164116291117;100006;525.6089621002412;CREDIT;2020-07-28 16:41:16.291
20200728164116291148;100009;2968.561470672731;DEBIT;2020-07-28 16:41:16.291
20200728164116291191;100001;7561.267816546055;CREDIT;2020-07-28 16:41:16.291
20200728164116291112;100010;887.6506724350168;CREDIT;2020-07-28 16:41:16.291
20200728164116291183;100002;1907.9334525912927;CREDIT;2020-07-28 16:41:16.291
20200728164116291178;100010;953.4990556853228;DEBIT;2020-07-28 16:41:16.291
20200728164116291169;100006;1783.4536511508982;CREDIT;2020-07-28 16:41:16.291
20200728164116291189;100002;3573.7477947976186;CREDIT;2020-07-28 16:41:16.291
20200728164116291192;100006;552.495139711208;CREDIT;2020-07-28 16:41:16.291
20200728164116291131;100002;693.8086641796114;DEBIT;2020-07-28 16:41:16.291
20200728164116291138;100010;352.00047743974056;CREDIT;2020-07-28 16:41:16.291
20200728164116291175;100007;856.9573977516496;CREDIT;2020-07-28 16:41:16.291
20200728164116291109;100005;3388.982343820139;CREDIT;2020-07-28 16:41:16.291
20200728164116291188;100006;1076.420962229739;DEBIT;2020-07-28 16:41:16.292
20200728164116292108;100007;502.66744809254703;CREDIT;2020-07-28 16:41:16.292
20200728164116292141;100006;7918.716227557273;CREDIT;2020-07-28 16:41:16.292
20200728164116292133;100002;223.8463585832822;CREDIT;2020-07-28 16:41:16.292
20200728164116292146;100009;1411.3481774815248;DEBIT;2020-07-28 16:41:16.292
20200728164116292144;100008;524.0545785873471;CREDIT;2020-07-28 16:41:16.292
20200728164116292111;100004;1908.2482142352087;CREDIT;2020-07-28 16:41:16.292
20200728164116292153;100007;1886.6394920935088;CREDIT;2020-07-28 16:41:16.292
20200728164116292144;100009;639.9295516860288;DEBIT;2020-07-28 16:41:16.292
20200728164116292154;100010;1999.6346803555784;CREDIT;2020-07-28 16:41:16.292
20200728164116292127;100009;2856.596139348422;CREDIT;2020-07-28 16:41:16.293
20200728164116293192;100008;1208.2193991894765;CREDIT;2020-07-28 16:41:16.293
20200728164116293165;100001;213.05772248720396;DEBIT;2020-07-28 16:41:16.293
20200728164116293124;100001;1973.4985282387286;CREDIT;2020-07-28 16:41:16.293
20200728164116293153;100002;112.39059034998667;CREDIT;2020-07-28 16:41:16.293
20200728164116293181;100010;2203.682765075174;CREDIT;2020-07-28 16:41:16.293
20200728164116293129;100003;71.92229574547251;DEBIT;2020-07-28 16:41:16.293
20200728164116293137;100007;758.3612187314037;CREDIT;2020-07-28 16:41:16.293
20200728164116293192;100010;3334.997346404443;CREDIT;2020-07-28 16:41:16.293
20200728164116293129;100008;447.42389462429867;CREDIT;2020-07-28 16:41:16.293
20200728164116293165;100010;2322.143347587188;DEBIT;2020-07-28 16:41:16.293
20200728164116293146;100010;546.1542574693063;CREDIT;2020-07-28 16:41:16.293
20200728164116293142;100003;164.96122369744168;CREDIT;2020-07-28 16:41:16.294
20200728164116294188;100003;229.787916211558;CREDIT;2020-07-28 16:41:16.294
20200728164116294162;100007;5459.5719032540865;DEBIT;2020-07-28 16:41:16.294
20200728164116294124;100007;1757.0420089632119;CREDIT;2020-07-28 16:41:16.294
20200728164116294182;100005;5398.135330407774;CREDIT;2020-07-28 16:41:16.294
20200728164116294153;100010;39.27838278777388;CREDIT;2020-07-28 16:41:16.294
20200728164116294180;100004;4243.593657338314;DEBIT;2020-07-28 16:41:16.294
20200728164116294137;100008;1328.1201254517025;CREDIT;2020-07-28 16:41:16.295
20200728164116295136;100007;8488.92034962358;CREDIT;2020-07-28 16:41:16.295
20200728164116295143;100004;2675.2084198533285;CREDIT;2020-07-28 16:41:16.295
20200728164116295153;100007;7973.826891630005;DEBIT;2020-07-28 16:41:16.295
20200728164116295116;100004;584.5057956554205;CREDIT;2020-07-28 16:41:16.295
20200728164116295133;100003;166.20247448750325;CREDIT;2020-07-28 16:41:16.295
20200728164116295160;100004;1076.0593218767997;CREDIT;2020-07-28 16:41:16.295
20200728164116295173;100008;22.693305304839637;DEBIT;2020-07-28 16:41:16.295
20200728164116295163;100004;6433.983671792669;CREDIT;2020-07-28 16:41:16.295
20200728164116295109;100005;598.2594663772974;CREDIT;2020-07-28 16:41:16.296
20200728164116296164;100001;3067.899588361949;CREDIT;2020-07-28 16:41:16.296
20200728164116296176;100002;1530.4405240916583;DEBIT;2020-07-28 16:41:16.296
20200728164116296143;100003;3563.6671847148386;CREDIT;2020-07-28 16:41:16.296
20200728164116296167;100006;218.30607693716658;CREDIT;2020-07-28 16:41:16.296
20200728164116296176;100004;4048.416297421032;CREDIT;2020-07-28 16:41:16.296
20200728164116296119;100007;5774.466381535311;DEBIT;2020-07-28 16:41:16.296
20200728164116296173;100009;1621.3697517315716;CREDIT;2020-07-28 16:41:16.296
20200728164116296179;100008;184.51161835107342;CREDIT;2020-07-28 16:41:16.296
20200728164116298183;100001;1975.0512460481532;CREDIT;2020-07-28 16:41:16.298
20200728164116298155;100008;2577.8526138216425;DEBIT;2020-07-28 16:41:16.298
20200728164116298102;100006;587.0956178333802;CREDIT;2020-07-28 16:41:16.298
20200728164116298182;100007;6841.985752016353;CREDIT;2020-07-28 16:41:16.298
20200728164116298186;100005;262.53936671646625;CREDIT;2020-07-28 16:41:16.298
20200728164116298100;100002;589.0869710179122;DEBIT;2020-07-28 16:41:16.298
20200728164116299169;100008;1310.2592298567756;CREDIT;2020-07-28 16:41:16.299
20200728164116299172;100004;3057.5399287498;CREDIT;2020-07-28 16:41:16.299
20200728164116299117;100009;231.72849554948348;CREDIT;2020-07-28 16:41:16.299
20200728164116299190;100010;37.4901405203018;DEBIT;2020-07-28 16:41:16.299
20200728164116299151;100004;4706.580756329962;CREDIT;2020-07-28 16:41:16.299
20200728164116299177;100006;4564.953221745267;CREDIT;2020-07-28 16:41:16.299
20200728164116299135;100004;3930.71124374043;CREDIT;2020-07-28 16:41:16.299
20200728164116299131;100007;6311.388087932628;DEBIT;2020-07-28 16:41:16.299
20200728164116300165;100010;7084.776754162487;CREDIT;2020-07-28 16:41:16.300
20200728164116300181;100008;715.456524337975;CREDIT;2020-07-28 16:41:16.300
20200728164116300125;100003;1785.4741633699516;CREDIT;2020-07-28 16:41:16.300
20200728164116300185;100006;2761.6064982047637;DEBIT;2020-07-28 16:41:16.300
20200728164116300155;100004;7211.221675857834;CREDIT;2020-07-28 16:41:16.300
20200728164116300172;100001;221.244893991582;CREDIT;2020-07-28 16:41:16.300
20200728164116300189;100010;1426.594923885857;CREDIT;2020-07-28 16:41:16.300
20200728164116300148;100005;1876.5693965881826;DEBIT;2020-07-28 16:41:16.300
20200728164116300171;100010;1479.441532213011;CREDIT;2020-07-28 16:41:16.301
20200728164116301170;100001;1066.505984900095;CREDIT;2020-07-28 16:41:16.301
20200728164116301174;100002;688.7160166572103;CREDIT;2020-07-28 16:41:16.301
20200728164116301142;100004;8999.491489466885;DEBIT;2020-07-28 16:41:16.302
20200728164116302133;100003;3583.927157667034;CREDIT;2020-07-28 16:41:16.302
20200728164116302166;100003;4523.404210076367;CREDIT;2020-07-28 16:41:16.302
20200728164116302122;100007;1283.4593382666508;CREDIT;2020-07-28 16:41:16.302
20200728164116302100;100007;5691.6197445614525;DEBIT;2020-07-28 16:41:16.302
20200728164116302154;100005;361.0683112904296;CREDIT;2020-07-28 16:41:16.302
20200728164116302159;100009;421.0087697797695;CREDIT;2020-07-28 16:41:16.302
20200728164116302153;100005;447.93935729264643;CREDIT;2020-07-28 16:41:16.302
20200728164116302156;100006;3576.734840727358;DEBIT;2020-07-28 16:41:16.302
20200728164116302116;100002;18.868429762522027;CREDIT;2020-07-28 16:41:16.302
20200728164116302158;100009;1674.1357354598358;CREDIT;2020-07-28 16:41:16.302
20200728164116302175;100009;3335.5021623288826;CREDIT;2020-07-28 16:41:16.302
20200728164116302173;100002;211.4971564004938;DEBIT;2020-07-28 16:41:16.302
20200728164116302138;100005;191.80853431128295;CREDIT;2020-07-28 16:41:16.304
20200728164116304145;100005;904.618009452942;CREDIT;2020-07-28 16:41:16.304
20200728164116304186;100009;5148.136853578026;CREDIT;2020-07-28 16:41:16.304
20200728164116304189;100001;6489.172042928414;DEBIT;2020-07-28 16:41:16.304
20200728164116304189;100004;2927.854009951325;CREDIT;2020-07-28 16:41:16.304
20200728164116304165;100009;133.16683486875843;CREDIT;2020-07-28 16:41:16.304
20200728164116304196;100004;1340.0392220479582;CREDIT;2020-07-28 16:41:16.305
20200728164116305196;100004;1250.5190318068742;DEBIT;2020-07-28 16:41:16.305
20200728164116305133;100004;6510.05053170045;CREDIT;2020-07-28 16:41:16.305
20200728164116305172;100005;6466.683952062994;CREDIT;2020-07-28 16:41:16.305
20200728164116305167;100010;938.1138653079075;CREDIT;2020-07-28 16:41:16.305
20200728164116305106;100007;813.1871993732543;DEBIT;2020-07-28 16:41:16.305
20200728164116305164;100004;573.7673627591835;CREDIT;2020-07-28 16:41:16.305
20200728164116305157;100005;3406.982191387974;CREDIT;2020-07-28 16:41:16.305
20200728164116305169;100003;326.7739337921125;CREDIT;2020-07-28 16:41:16.305
20200728164116305151;100002;3173.4875305907303;DEBIT;2020-07-28 16:41:16.305
20200728164116305159;100002;2058.0596146262214;CREDIT;2020-07-28 16:41:16.305
20200728164116305140;100005;893.5721562665835;CREDIT;2020-07-28 16:41:16.305
20200728164116305199;100005;6294.060256822244;CREDIT;2020-07-28 16:41:16.305
20200728164116305156;100010;104.75704193557026;DEBIT;2020-07-28 16:41:16.306
20200728164116306195;100007;3123.698516843716;CREDIT;2020-07-28 16:41:16.306
20200728164116306123;100006;2162.46267699089;CREDIT;2020-07-28 16:41:16.306
20200728164116306178;100009;2826.307430642702;CREDIT;2020-07-28 16:41:16.306
20200728164116306188;100001;711.5387486093314;DEBIT;2020-07-28 16:41:16.306
20200728164116306167;100002;639.2070424953329;CREDIT;2020-07-28 16:41:16.306
20200728164116306105;100002;275.0405929721025;CREDIT;2020-07-28 16:41:16.307
20200728164116307126;100001;929.4855329383108;CREDIT;2020-07-28 16:41:16.307
20200728164116307114;100001;4102.863538327559;DEBIT;2020-07-28 16:41:16.307
20200728164116307182;100008;120.29310401615969;CREDIT;2020-07-28 16:41:16.307
20200728164116307186;100001;2530.260902467013;CREDIT;2020-07-28 16:41:16.307
20200728164116307121;100009;4271.255442576801;CREDIT;2020-07-28 16:41:16.307
20200728164116307137;100006;7634.519307836346;DEBIT;2020-07-28 16:41:16.307
20200728164116307189;100001;1360.0415096188456;CREDIT;2020-07-28 16:41:16.307
20200728164116307183;100006;3781.421922789846;CREDIT;2020-07-28 16:41:16.307
20200728164116307141;100004;2197.796829316157;CREDIT;2020-07-28 16:41:16.307
20200728164116307181;100002;424.63354468933807;DEBIT;2020-07-28 16:41:16.307
20200728164116307156;100006;56.518925049414015;CREDIT;2020-07-28 16:41:16.307
20200728164116307198;100005;1226.480030012412;CREDIT;2020-07-28 16:41:16.307
20200728164116307187;100008;3461.2279164544125;CREDIT;2020-07-28 16:41:16.307
20200728164116308119;100003;9070.88100973462;DEBIT;2020-07-28 16:41:16.308
20200728164116308185;100002;742.5887579522839;CREDIT;2020-07-28 16:41:16.308
20200728164116308189;100006;1733.1930215018008;CREDIT;2020-07-28 16:41:16.308
20200728164116308106;100010;174.52925211092898;CREDIT;2020-07-28 16:41:16.308
20200728164116308115;100002;4533.412785036019;DEBIT;2020-07-28 16:41:16.308
20200728164116308149;100002;3087.520060232247;CREDIT;2020-07-28 16:41:16.308
20200728164116308131;100009;3482.62967113251;CREDIT;2020-07-28 16:41:16.308
20200728164116308169;100009;1656.5062380890565;CREDIT;2020-07-28 16:41:16.308
20200728164116308176;100002;984.2585018977503;DEBIT;2020-07-28 16:41:16.308
20200728164116308153;100010;90.94419693770818;CREDIT;2020-07-28 16:41:16.308
20200728164116308196;100006;2434.0878537502417;CREDIT;2020-07-28 16:41:16.308
20200728164116308197;100004;3091.9074643433623;CREDIT;2020-07-28 16:41:16.308
20200728164116308157;100001;1690.2813406715345;DEBIT;2020-07-28 16:41:16.308
20200728164116308175;100009;7451.326135492223;CREDIT;2020-07-28 16:41:16.308
20200728164116308156;100005;3515.197865173926;CREDIT;2020-07-28 16:41:16.308
20200728164116308133;100004;2154.711692402166;CREDIT;2020-07-28 16:41:16.308
20200728164116308150;100010;992.8141539013566;DEBIT;2020-07-28 16:41:16.308
20200728164116309106;100003;1931.340174098823;CREDIT;2020-07-28 16:41:16.309
20200728164116309108;100005;3336.459043689234;CREDIT;2020-07-28 16:41:16.309
20200728164116309121;100007;759.3991021865315;CREDIT;2020-07-28 16:41:16.309
20200728164116309167;100002;1938.6096962756208;DEBIT;2020-07-28 16:41:16.309
20200728164116309188;100008;5564.172261157838;CREDIT;2020-07-28 16:41:16.309
20200728164116309163;100001;123.14970446696503;CREDIT;2020-07-28 16:41:16.309
20200728164116309101;100002;394.65375852319147;CREDIT;2020-07-28 16:41:16.309
20200728164116309146;100006;1075.2694162805742;DEBIT;2020-07-28 16:41:16.309
20200728164116309189;100004;3327.667725324541;CREDIT;2020-07-28 16:41:16.309
20200728164116309195;100006;2188.649184004794;CREDIT;2020-07-28 16:41:16.309
20200728164116309159;100010;1020.7754952361561;CREDIT;2020-07-28 16:41:16.309
20200728164116309195;100003;579.9966707673182;DEBIT;2020-07-28 16:41:16.309
20200728164116309144;100007;8732.39176406221;CREDIT;2020-07-28 16:41:16.309
20200728164116310140;100009;3403.7655730415845;CREDIT;2020-07-28 16:41:16.310
20200728164116310121;100002;5610.436547660692;CREDIT;2020-07-28 16:41:16.310
20200728164116310104;100004;7950.326633726261;DEBIT;2020-07-28 16:41:16.310
20200728164116310116;100009;1566.1982700112371;CREDIT;2020-07-28 16:41:16.310
20200728164116310112;100003;6140.043945474451;CREDIT;2020-07-28 16:41:16.310
20200728164116310161;100007;602.9781358477768;CREDIT;2020-07-28 16:41:16.310
20200728164116310187;100008;46.613348194845415;DEBIT;2020-07-28 16:41:16.310
20200728164116310124;100005;7174.495372034778;CREDIT;2020-07-28 16:41:16.310
20200728164116310132;100004;2401.863988364965;CREDIT;2020-07-28 16:41:16.310
20200728164116310154;100005;4855.458870210657;CREDIT;2020-07-28 16:41:16.310
20200728164116310116;100006;1682.9911032177974;DEBIT;2020-07-28 16:41:16.310
20200728164116310132;100006;5067.671256627757;CREDIT;2020-07-28 16:41:16.310
20200728164116310118;100005;3897.7945610936144;CREDIT;2020-07-28 16:41:16.310
20200728164116310162;100007;1176.1484678507295;CREDIT;2020-07-28 16:41:16.310
20200728164116310193;100001;4379.619345979275;DEBIT;2020-07-28 16:41:16.311
20200728164116311139;100002;5830.446263335018;CREDIT;2020-07-28 16:41:16.311
20200728164116311168;100006;5.4095965120084415;CREDIT;2020-07-28 16:41:16.311
20200728164116311117;100006;593.1193362620164;CREDIT;2020-07-28 16:41:16.311
20200728164116311111;100004;611.243436168431;DEBIT;2020-07-28 16:41:16.311
20200728164116311102;100006;4020.2109020931684;CREDIT;2020-07-28 16:41:16.311
20200728164116311125;100005;6209.828715715334;CREDIT;2020-07-28 16:41:16.311
20200728164116311112;100005;4737.142194194562;CREDIT;2020-07-28 16:41:16.311
20200728164116311176;100009;242.02269754051252;DEBIT;2020-07-28 16:41:16.311
20200728164116311164;100006;1966.4564079759623;CREDIT;2020-07-28 16:41:16.311
20200728164116311170;100002;394.5567491673097;CREDIT;2020-07-28 16:41:16.311
20200728164116311157;100006;2597.0143575097773;CREDIT;2020-07-28 16:41:16.311
20200728164116312192;100008;2580.497349068027;DEBIT;2020-07-28 16:41:16.312
20200728164116312188;100004;6167.771083392839;CREDIT;2020-07-28 16:41:16.312
20200728164116312172;100002;3549.2528532072356;CREDIT;2020-07-28 16:41:16.312
20200728164116312127;100007;8416.240475032837;CREDIT;2020-07-28 16:41:16.312
20200728164116312168;100003;2960.1593668001956;DEBIT;2020-07-28 16:41:16.312
20200728164116312110;100004;2631.144287037674;CREDIT;2020-07-28 16:41:16.312
20200728164116312146;100009;679.2924481388552;CREDIT;2020-07-28 16:41:16.312
20200728164116312193;100004;4188.72740700074;CREDIT;2020-07-28 16:41:16.312
20200728164116313124;100010;963.2151642556167;DEBIT;2020-07-28 16:41:16.313
20200728164116313106;100008;959.7646645737118;CREDIT;2020-07-28 16:41:16.313
20200728164116313173;100002;6.261156106330462;CREDIT;2020-07-28 16:41:16.313
20200728164116313138;100004;749.7702466689159;CREDIT;2020-07-28 16:41:16.313
20200728164116313128;100008;512.5120609990203;DEBIT;2020-07-28 16:41:16.313
20200728164116313119;100005;7843.931392816522;CREDIT;2020-07-28 16:41:16.313
20200728164116313152;100007;392.3467831187967;CREDIT;2020-07-28 16:41:16.313
20200728164116313144;100005;863.726756096446;CREDIT;2020-07-28 16:41:16.313
20200728164116313102;100010;5068.871605836563;DEBIT;2020-07-28 16:41:16.313
20200728164116313183;100006;5434.200902350033;CREDIT;2020-07-28 16:41:16.313
20200728164116314106;100006;2120.4088180361687;CREDIT;2020-07-28 16:41:16.314
20200728164116314187;100009;5919.424653118268;CREDIT;2020-07-28 16:41:16.314
20200728164116314144;100004;1045.7197931401683;DEBIT;2020-07-28 16:41:16.314
20200728164116314152;100002;615.9070628863259;CREDIT;2020-07-28 16:41:16.314
20200728164116314143;100008;6320.01598333972;CREDIT;2020-07-28 16:41:16.314
20200728164116314127;100003;1128.3954094665219;CREDIT;2020-07-28 16:41:16.314
20200728164116314166;100005;4204.755152349587;DEBIT;2020-07-28 16:41:16.314
20200728164116314128;100009;4690.351877491599;CREDIT;2020-07-28 16:41:16.319
20200728164116319173;100007;2406.098045622034;CREDIT;2020-07-28 16:41:16.319
20200728164116319194;100009;5365.973147956876;CREDIT;2020-07-28 16:41:16.319
20200728164116319175;100004;4911.113871260568;DEBIT;2020-07-28 16:41:16.319
20200728164116319184;100002;2136.8527081845923;CREDIT;2020-07-28 16:41:16.319
20200728164116319165;100010;2562.6440543057065;CREDIT;2020-07-28 16:41:16.319
20200728164116319163;100004;3430.6865824369697;CREDIT;2020-07-28 16:41:16.319
20200728164116319109;100003;1191.9743555485081;DEBIT;2020-07-28 16:41:16.319
20200728164116320133;100001;7743.144162764457;CREDIT;2020-07-28 16:41:16.320
20200728164116320113;100001;4170.013840242818;CREDIT;2020-07-28 16:41:16.320
20200728164116320176;100004;414.49644709101165;CREDIT;2020-07-28 16:41:16.320
20200728164116320132;100006;2710.665377754225;DEBIT;2020-07-28 16:41:16.320
20200728164116320115;100003;5678.5688333774715;CREDIT;2020-07-28 16:41:16.320
20200728164116320131;100001;2781.953918784428;CREDIT;2020-07-28 16:41:16.320
20200728164116320105;100010;1077.9023181351613;CREDIT;2020-07-28 16:41:16.320
20200728164116320169;100006;944.2704486883705;DEBIT;2020-07-28 16:41:16.320
20200728164116320130;100002;6404.560356652795;CREDIT;2020-07-28 16:41:16.321
20200728164116321123;100005;440.45722109690837;CREDIT;2020-07-28 16:41:16.321
20200728164116321102;100006;931.2965075654175;CREDIT;2020-07-28 16:41:16.321
20200728164116321161;100005;4743.491105471739;DEBIT;2020-07-28 16:41:16.321
20200728164116321143;100008;283.93258001008604;CREDIT;2020-07-28 16:41:16.321
20200728164116321169;100010;7608.232904514928;CREDIT;2020-07-28 16:41:16.321
20200728164116321103;100004;1077.7939572760024;CREDIT;2020-07-28 16:41:16.321
20200728164116321190;100007;1444.3097385272886;DEBIT;2020-07-28 16:41:16.321
20200728164116321137;100006;3488.203517610836;CREDIT;2020-07-28 16:41:16.321
20200728164116321185;100005;3322.306002777056;CREDIT;2020-07-28 16:41:16.321
20200728164116321199;100005;1355.5836266559397;CREDIT;2020-07-28 16:41:16.321
20200728164116321147;100006;2063.2434942374916;DEBIT;2020-07-28 16:41:16.321
20200728164116321133;100002;2489.7500677630005;CREDIT;2020-07-28 16:41:16.321
20200728164116321185;100009;2940.556259036678;CREDIT;2020-07-28 16:41:16.321
20200728164116321134;100006;96.55970619199495;CREDIT;2020-07-28 16:41:16.321
20200728164116321153;100010;2201.197507583432;DEBIT;2020-07-28 16:41:16.321
20200728164116321134;100006;1579.2143443929244;CREDIT;2020-07-28 16:41:16.321
20200728164116321114;100006;1969.993972792326;CREDIT;2020-07-28 16:41:16.321
20200728164116321193;100006;4693.748269558376;CREDIT;2020-07-28 16:41:16.321
20200728164116321143;100005;1816.4915614320416;DEBIT;2020-07-28 16:41:16.322
20200728164116322145;100007;106.90251915396168;CREDIT;2020-07-28 16:41:16.322
20200728164116322131;100002;953.2210891095806;CREDIT;2020-07-28 16:41:16.322
20200728164116322146;100005;1883.5885397426891;CREDIT;2020-07-28 16:41:16.322
20200728164116322140;100005;2977.039040299755;DEBIT;2020-07-28 16:41:16.322
20200728164116322177;100002;1117.7934740186267;CREDIT;2020-07-28 16:41:16.322
20200728164116322151;100001;842.1923290487467;CREDIT;2020-07-28 16:41:16.322
20200728164116322160;100004;1111.0814509761956;CREDIT;2020-07-28 16:41:16.322
20200728164116322192;100004;4098.26793022109;DEBIT;2020-07-28 16:41:16.322
20200728164116322169;100004;1166.6581498580895;CREDIT;2020-07-28 16:41:16.322
20200728164116322186;100002;2875.1213710574893;CREDIT;2020-07-28 16:41:16.322
20200728164116322174;100006;1112.4463635248746;CREDIT;2020-07-28 16:41:16.322
20200728164116322191;100007;4751.208920884033;DEBIT;2020-07-28 16:41:16.323
20200728164116323173;100003;6357.417676286562;CREDIT;2020-07-28 16:41:16.323
20200728164116323198;100006;3981.069103761211;CREDIT;2020-07-28 16:41:16.323
20200728164116323124;100001;4075.9174678878026;CREDIT;2020-07-28 16:41:16.323
20200728164116323116;100002;3806.855307295558;DEBIT;2020-07-28 16:41:16.323
20200728164116323110;100010;1257.3653166646207;CREDIT;2020-07-28 16:41:16.323
20200728164116323129;100007;4990.2767550400895;CREDIT;2020-07-28 16:41:16.323
20200728164116323149;100009;714.0315215192029;CREDIT;2020-07-28 16:41:16.323
20200728164116324152;100010;284.6252505636861;DEBIT;2020-07-28 16:41:16.324
20200728164116324156;100004;7739.6915497644595;CREDIT;2020-07-28 16:41:16.324
20200728164116324113;100004;574.077140834747;CREDIT;2020-07-28 16:41:16.324
20200728164116324190;100010;507.66259128935474;CREDIT;2020-07-28 16:41:16.324
20200728164116324105;100002;525.6619944841026;DEBIT;2020-07-28 16:41:16.324
20200728164116324107;100001;126.59462820406512;CREDIT;2020-07-28 16:41:16.325
20200728164116325134;100007;3385.587289546903;CREDIT;2020-07-28 16:41:16.325
20200728164116325134;100001;8114.956117158867;CREDIT;2020-07-28 16:41:16.325
20200728164116325145;100005;2233.2663097758573;DEBIT;2020-07-28 16:41:16.325
20200728164116325110;100003;1015.0540386177878;CREDIT;2020-07-28 16:41:16.325
20200728164116325178;100005;4051.3678157144077;CREDIT;2020-07-28 16:41:16.325
20200728164116325136;100009;1837.839804770176;CREDIT;2020-07-28 16:41:16.325
20200728164116325135;100007;4186.805241259445;DEBIT;2020-07-28 16:41:16.325
20200728164116325117;100010;3709.075059321879;CREDIT;2020-07-28 16:41:16.325
20200728164116325149;100009;622.0615780603661;CREDIT;2020-07-28 16:41:16.325
20200728164116325177;100001;2192.3705565783866;CREDIT;2020-07-28 16:41:16.326
20200728164116326122;100010;2226.858005177084;DEBIT;2020-07-28 16:41:16.326
20200728164116326138;100003;754.4930209381296;CREDIT;2020-07-28 16:41:16.326
20200728164116326181;100004;705.7164333125138;CREDIT;2020-07-28 16:41:16.326
20200728164116326198;100006;2128.897901386922;CREDIT;2020-07-28 16:41:16.326
20200728164116326139;100007;470.3271851402845;DEBIT;2020-07-28 16:41:16.326
20200728164116326188;100010;1392.4289288150947;CREDIT;2020-07-28 16:41:16.326
20200728164116326120;100003;2981.5017400550723;CREDIT;2020-07-28 16:41:16.326
20200728164116326199;100002;3997.6219698227674;CREDIT;2020-07-28 16:41:16.326
20200728164116326152;100001;1992.0610122887872;DEBIT;2020-07-28 16:41:16.326
20200728164116326169;100004;2151.865574581524;CREDIT;2020-07-28 16:41:16.326
20200728164116326100;100004;7554.092135884494;CREDIT;2020-07-28 16:41:16.326
20200728164116326169;100005;5715.2546656332715;CREDIT;2020-07-28 16:41:16.326
20200728164116326157;100009;146.87644225019594;DEBIT;2020-07-28 16:41:16.326
20200728164116327149;100001;2874.31969005414;CREDIT;2020-07-28 16:41:16.327
20200728164116327193;100005;1309.0651949586713;CREDIT;2020-07-28 16:41:16.327
20200728164116327171;100005;2108.7392683179055;CREDIT;2020-07-28 16:41:16.327
20200728164116327164;100004;86.14696785399487;DEBIT;2020-07-28 16:41:16.327
20200728164116327149;100003;2474.6074745429664;CREDIT;2020-07-28 16:41:16.327
20200728164116327103;100002;1842.6127432446872;CREDIT;2020-07-28 16:41:16.327
20200728164116327111;100008;1305.312871565277;CREDIT;2020-07-28 16:41:16.327
20200728164116327122;100006;492.6627231876234;DEBIT;2020-07-28 16:41:16.327
20200728164116327135;100008;174.7473172333678;CREDIT;2020-07-28 16:41:16.327
20200728164116327198;100005;1160.0120819832705;CREDIT;2020-07-28 16:41:16.327
20200728164116327175;100004;861.713861945977;CREDIT;2020-07-28 16:41:16.327
20200728164116327141;100008;94.6602487855628;DEBIT;2020-07-28 16:41:16.327
20200728164116327193;100008;4240.400096437918;CREDIT;2020-07-28 16:41:16.327
20200728164116328140;100008;3674.19857794827;CREDIT;2020-07-28 16:41:16.328
20200728164116328190;100004;313.60161668362247;CREDIT;2020-07-28 16:41:16.328
20200728164116328190;100008;6164.847936235099;DEBIT;2020-07-28 16:41:16.328
20200728164116328122;100005;3385.0134280827474;CREDIT;2020-07-28 16:41:16.329
20200728164116329177;100007;1674.2170506917478;CREDIT;2020-07-28 16:41:16.329
20200728164116329124;100009;382.37466605061866;CREDIT;2020-07-28 16:41:16.329
20200728164116329170;100007;4604.4756705877;DEBIT;2020-07-28 16:41:16.329
20200728164116329126;100002;3003.123768879275;CREDIT;2020-07-28 16:41:16.329
20200728164116329137;100001;256.22981956094924;CREDIT;2020-07-28 16:41:16.329
20200728164116329128;100002;6315.813387627056;CREDIT;2020-07-28 16:41:16.329
20200728164116329155;100008;2235.391134984457;DEBIT;2020-07-28 16:41:16.329
20200728164116329151;100004;360.0531687887332;CREDIT;2020-07-28 16:41:16.329
20200728164116329113;100004;6661.574327027649;CREDIT;2020-07-28 16:41:16.329
20200728164116329197;100002;1921.8262342147816;CREDIT;2020-07-28 16:41:16.329
20200728164116330130;100002;5185.473201272413;DEBIT;2020-07-28 16:41:16.330
20200728164116330179;100007;4624.482115711935;CREDIT;2020-07-28 16:41:16.330
20200728164116330176;100003;497.1278897653969;CREDIT;2020-07-28 16:41:16.330
20200728164116330186;100007;1317.6346446903492;CREDIT;2020-07-28 16:41:16.330
20200728164116330168;100006;7825.322797200675;DEBIT;2020-07-28 16:41:16.330
20200728164116330128;100009;2139.8452532490855;CREDIT;2020-07-28 16:41:16.330
20200728164116330138;100010;173.036628005692;CREDIT;2020-07-28 16:41:16.330
20200728164116330166;100001;340.9497084741794;CREDIT;2020-07-28 16:41:16.330
20200728164116330186;100003;500.4314069630664;DEBIT;2020-07-28 16:41:16.330
20200728164116330130;100003;113.5423518159642;CREDIT;2020-07-28 16:41:16.330
20200728164116330124;100003;8101.326970527039;CREDIT;2020-07-28 16:41:16.330
20200728164116330198;100003;1120.2483905850333;CREDIT;2020-07-28 16:41:16.330
20200728164116331114;100008;5279.703255142155;DEBIT;2020-07-28 16:41:16.331
20200728164116331143;100004;3817.242844170772;CREDIT;2020-07-28 16:41:16.331
20200728164116331172;100006;1221.9904901219552;CREDIT;2020-07-28 16:41:16.331
20200728164116331113;100003;1460.8693877150265;CREDIT;2020-07-28 16:41:16.331
20200728164116331121;100001;2903.7134560005957;DEBIT;2020-07-28 16:41:16.331
20200728164116331122;100008;334.340515691909;CREDIT;2020-07-28 16:41:16.331
20200728164116331108;100003;276.48852956148187;CREDIT;2020-07-28 16:41:16.331
20200728164116331125;100008;2262.8079626324948;CREDIT;2020-07-28 16:41:16.331
20200728164116331172;100010;871.1101996304258;DEBIT;2020-07-28 16:41:16.331
20200728164116331128;100003;8189.178908480286;CREDIT;2020-07-28 16:41:16.331
20200728164116331102;100001;792.5096931955012;CREDIT;2020-07-28 16:41:16.331
20200728164116331136;100003;300.84710587630934;CREDIT;2020-07-28 16:41:16.331
20200728164116331108;100006;3284.1633315487675;DEBIT;2020-07-28 16:41:16.331
20200728164116331132;100001;4703.488580011716;CREDIT;2020-07-28 16:41:16.332
20200728164116332119;100003;8033.432432145215;CREDIT;2020-07-28 16:41:16.332
20200728164116332166;100006;4315.349393810808;CREDIT;2020-07-28 16:41:16.332
20200728164116332156;100007;1726.7617828430243;DEBIT;2020-07-28 16:41:16.332
20200728164116332187;100004;842.0672020829984;CREDIT;2020-07-28 16:41:16.332
20200728164116332126;100006;4872.186573103533;CREDIT;2020-07-28 16:41:16.332
20200728164116332108;100003;2461.7448370483435;CREDIT;2020-07-28 16:41:16.332
20200728164116332161;100001;2626.4169381207994;DEBIT;2020-07-28 16:41:16.332
20200728164116332125;100006;459.35350484028584;CREDIT;2020-07-28 16:41:16.332
20200728164116332111;100005;595.8415914853957;CREDIT;2020-07-28 16:41:16.332
20200728164116332173;100007;1696.731696513428;CREDIT;2020-07-28 16:41:16.332
20200728164116332171;100009;3446.9679327315935;DEBIT;2020-07-28 16:41:16.333
20200728164116333193;100004;3704.853969101735;CREDIT;2020-07-28 16:41:16.333
20200728164116333102;100010;5479.479558947036;CREDIT;2020-07-28 16:41:16.333
20200728164116333160;100007;918.652013434754;CREDIT;2020-07-28 16:41:16.333
20200728164116333170;100009;1936.31616418156;DEBIT;2020-07-28 16:41:16.333
20200728164116333172;100009;1911.4900448852839;CREDIT;2020-07-28 16:41:16.333
20200728164116333116;100006;568.387424799844;CREDIT;2020-07-28 16:41:16.333
20200728164116333178;100009;4507.53900077412;CREDIT;2020-07-28 16:41:16.333
20200728164116333164;100007;3848.255112399637;DEBIT;2020-07-28 16:41:16.333
20200728164116333133;100009;915.6744962240996;CREDIT;2020-07-28 16:41:16.333
20200728164116333190;100003;233.72664150682044;CREDIT;2020-07-28 16:41:16.333
20200728164116333159;100003;343.3878003599988;CREDIT;2020-07-28 16:41:16.333
20200728164116333145;100008;1796.8999598158111;DEBIT;2020-07-28 16:41:16.334
20200728164116334182;100010;3040.349916457744;CREDIT;2020-07-28 16:41:16.334
20200728164116335128;100002;3369.255925471134;CREDIT;2020-07-28 16:41:16.335
20200728164116335139;100009;4673.720324385105;CREDIT;2020-07-28 16:41:16.335
20200728164116335194;100004;2368.7584835537405;DEBIT;2020-07-28 16:41:16.335
20200728164116335107;100006;5401.059726289213;CREDIT;2020-07-28 16:41:16.336
20200728164116337161;100001;1348.5852233704034;CREDIT;2020-07-28 16:41:16.337
20200728164116337164;100008;1422.7948933528762;CREDIT;2020-07-28 16:41:16.337
20200728164116337108;100008;5407.085710071295;DEBIT;2020-07-28 16:41:16.337
20200728164116337194;100008;132.98770060553875;CREDIT;2020-07-28 16:41:16.338
20200728164116338100;100004;3859.468805465125;CREDIT;2020-07-28 16:41:16.338
20200728164116338188;100006;6379.245810128509;CREDIT;2020-07-28 16:41:16.338
20200728164116338148;100008;288.49813771433804;DEBIT;2020-07-28 16:41:16.338
20200728164116338102;100005;82.32933927231055;CREDIT;2020-07-28 16:41:16.338
20200728164116338103;100010;4090.399249228621;CREDIT;2020-07-28 16:41:16.338
20200728164116338140;100004;4057.515312765827;CREDIT;2020-07-28 16:41:16.338
20200728164116338194;100010;755.5269753382739;DEBIT;2020-07-28 16:41:16.338
20200728164116338138;100001;2438.9499991882208;CREDIT;2020-07-28 16:41:16.338
20200728164116338101;100010;3884.141581043756;CREDIT;2020-07-28 16:41:16.338
20200728164116338194;100002;3216.0434602029723;CREDIT;2020-07-28 16:41:16.338
20200728164116338135;100010;8377.869328331752;DEBIT;2020-07-28 16:41:16.339
20200728164116339109;100004;3115.5022771541803;CREDIT;2020-07-28 16:41:16.339
20200728164116339144;100006;308.1100346981984;CREDIT;2020-07-28 16:41:16.339
20200728164116339104;100003;300.7202100256355;CREDIT;2020-07-28 16:41:16.339
20200728164116339143;100002;1271.3157845948715;DEBIT;2020-07-28 16:41:16.339
20200728164116339148;100004;599.108923452206;CREDIT;2020-07-28 16:41:16.339
20200728164116340112;100003;1411.0560671958024;CREDIT;2020-07-28 16:41:16.340
20200728164116340144;100001;205.04866206418188;CREDIT;2020-07-28 16:41:16.340
20200728164116340166;100007;239.93883258663521;DEBIT;2020-07-28 16:41:16.340
20200728164116340153;100004;2966.149279726868;CREDIT;2020-07-28 16:41:16.340
20200728164116340143;100004;3590.3235361713314;CREDIT;2020-07-28 16:41:16.340
20200728164116340111;100009;3175.8639051778873;CREDIT;2020-07-28 16:41:16.340
20200728164116340125;100003;927.0598531674997;DEBIT;2020-07-28 16:41:16.340
20200728164116340101;100006;3213.7401850580504;CREDIT;2020-07-28 16:41:16.340
20200728164116340156;100007;8619.226551676658;CREDIT;2020-07-28 16:41:16.340
20200728164116340140;100005;5107.9352200943795;CREDIT;2020-07-28 16:41:16.340
20200728164116340181;100001;525.1805818616144;DEBIT;2020-07-28 16:41:16.340
20200728164116340131;100010;3086.954242806215;CREDIT;2020-07-28 16:41:16.341
20200728164116341195;100009;2939.7030494820065;CREDIT;2020-07-28 16:41:16.341
20200728164116341135;100001;551.1439566235144;CREDIT;2020-07-28 16:41:16.341
20200728164116341118;100010;1964.044443094821;DEBIT;2020-07-28 16:41:16.341
20200728164116341130;100007;3755.9139995113183;CREDIT;2020-07-28 16:41:16.341
20200728164116341174;100006;579.8083737216087;CREDIT;2020-07-28 16:41:16.341
20200728164116341184;100009;443.36292934478365;CREDIT;2020-07-28 16:41:16.341
20200728164116341139;100003;1227.1330506581987;DEBIT;2020-07-28 16:41:16.341
